category	file	pages	size_bytes	first_page_title
01-核心论文	3dgs-original-Kerbl2023-SIGGRAPH.pdf	14	1179393	3D Gaussian Splatting for Real-Time Radiance Field Rendering | BERNHARD KERBL∗ , Inria, Universite Cote d’Azur, France | GEORGIOS KOPANAS∗ , Inria, Universite Cote d’Azur, France | THOMAS LEIMKUHLER, Max-Planck-Institut fur Informatik, Germany
01-核心论文	gaussian-splatting-survey-3dgs-4d.pdf	28	31273835	Computational Visual Media | https://doi.org/10.1007/s41095-0xx-xxxx-x | Research/Review Article | Recent Advances in 3D Gaussian Splatting
01-核心论文	gsplat-open-source-library.pdf	17	471026	gsplat: An Open-Source Library for Gaussian Splatting | gsplat: An Open-Source Library for Gaussian Splatting | Vickie Ye1,† vye@berkeley.edu | Ruilong Li1,† ruilongli@berkeley.edu
02-公式推导	3dgs-2dgs-projection-derivation.pdf	13	24830200	2D Gaussian Splatting for Geometrically Accurate Radiance Fields | BINBIN HUANG, ShanghaiTech University, China | ZEHAO YU, University of Tubingen Tubingen AI Center, Germany | ANPEI CHEN, University of Tubingen Tubingen AI Center, Germany
02-公式推导	3dgs-error-analysis-optimal-projection.pdf	25	18777337	On the Error Analysis of 3D Gaussian Splatting | and an Optimal Projection Strategy | Letian Huang , Jiayang Bai , Jie Guo⋆ , Yuanqi Li , and Yanwen Guo | Nanjing University, Nanjing, China
02-公式推导	EWA-splatting-Zwicker2002-TVCG.pdf	18	2783708	MITSUBISHI ELECTRIC RESEARCH LABORATORIES | http://www.merl.com | EWA Splatting | M. Zwicker, H. Pfister, J. van Baar, M. Gross
02-公式推导	does-3dgs-need-accurate-volumetric-rendering.pdf	50	6109104	EUROGRAPHICS 2025 / A. Bousseau and A. Dai COMPUTER GRAPHICS forum | (Guest Editors) Volume 44 (2025), Number 2 | Does 3D Gaussian Splatting Need Accurate Volumetric Rendering? | A. Celarek1 , G. Kopanas2,3,4 , G. Drettakis3,4 , M. Wimmer1 and B. Kerbl1
02-公式推导	gsplat-math-supplement.pdf	6	106536	Mathematical Supplement for the gsplat Library | Vickie Ye Angjoo Kanazawa | UC Berkeley | arXiv:2312.02121v1 [cs.MS] 4 Dec 2023
03-前身工作	instant-ngp.pdf	15	17821526	Instant Neural Graphics Primitives with a Multiresolution Hash Encoding | THOMAS MULLER, NVIDIA, Switzerland | ALEX EVANS, NVIDIA, United Kingdom | CHRISTOPH SCHIED, NVIDIA, USA
03-前身工作	mip-nerf-360.pdf	18	10711495	Mip-NeRF 360: Unbounded Anti-Aliased Neural Radiance Fields | Jonathan T. Barron1 Ben Mildenhall1 Dor Verbin1,2 | Pratul P. Srinivasan1 Peter Hedman1 | Google Research Harvard University
03-前身工作	nerf-original.pdf	25	8274228	NeRF: Representing Scenes as | arXiv:2003.08934v2 [cs.CV] 3 Aug 2020 | Neural Radiance Fields for View Synthesis | Ben Mildenhall1? Pratul P. Srinivasan1? Matthew Tancik1?
03-前身工作	plenoxels-radiance-fields-without-neural-networks.pdf	21	3472683	Plenoxels: Radiance Fields without Neural Networks | Alex Yu∗ Sara Fridovich-Keil∗ Matthew Tancik Qinhong Chen | Benjamin Recht Angjoo Kanazawa | UC Berkeley
04-加速与质量	3d-student-splatting-scooping.pdf	24	22605769	3D Student Splatting and Scooping | Jialin Zhu1 , Jiangbei Yue2 , Feixiang He1 , He Wang 1,3 * | University College London, UK 2 University of Leeds, UK | AI Centre, University College London, UK
04-加速与质量	3dgs-mcmc.pdf	16	16613877	3D Gaussian Splatting as | Markov Chain Monte Carlo | Shakiba Kheradmand1 , Daniel Rebain1 , Gopal Sharma1 , | Weiwei Sun1 , Yang-Che Tseng1 , Hossam Isack2 , Abhishek Kar2 ,
04-加速与质量	3dgs-ray-tracing.pdf	19	2566035	3D Gaussian Ray Tracing: Fast Tracing of Particle Scenes | NICOLAS MOENNE-LOCCOZ∗ , NVIDIA, Canada | ASHKAN MIRZAEI∗ , NVIDIA, Canada and University of Toronto, Canada | OR PEREL, NVIDIA, Israel
04-加速与质量	mip-splatting-aliasing-free-3dgs.pdf	19	1511378	Mip-Splatting: Alias-free 3D Gaussian Splatting | Zehao Yu1,2 Anpei Chen1,2 Binbin Huang3 Torsten Sattler4 Andreas Geiger1,2 | University of Tubingen Tubingen AI Center ShanghaiTech University | Czech Technical University in Prague
04-加速与质量	stopthepop.pdf	17	1519404	StopThePop: Sorted Gaussian Splatting for View-Consistent Real-time | Rendering | LUKAS RADL∗ and MICHAEL STEINER∗ , Graz University of Technology, Austria | MATHIAS PARGER, Huawei Technologies, Austria
05-压缩存储	compact-3d-gaussian-2311.13681.pdf	14	11659801	Compact 3D Gaussian Representation for Radiance Field | Joo Chan Lee1 Daniel Rho2 Xiangyu Sun1 Jong Hwan Ko1B Eunbyung Park1B | Sungkyunkwan University1 , KT2 | Gaussian Center Points Rendered Ellipsoids Rendered Result
05-压缩存储	compgs-vector-quantization.pdf	28	20457970	CompGS: Smaller and Faster Gaussian Splatting | with Vector Quantization | K L Navaneet∗ Kossar Pourahmadi Meibodi⋆ | Soroush Abbasi Koohpayegani Hamed Pirsiavash
05-压缩存储	gaussian-opacity-fields.pdf	15	1281981	Gaussian Opacity Fields: Efficient Adaptive Surface Reconstruction in | Unbounded Scenes | ZEHAO YU, University of Tubingen, Tubingen AI Center, Germany | TORSTEN SATTLER, Czech Technical University in Prague, Czech Republic
05-压缩存储	scaffold-gs.pdf	14	21973184	Scaffold-GS: Structured 3D Gaussians for View-Adaptive Rendering | Tao Lu 1,3 * Mulin Yu1 * Linning Xu2 Yuanbo Xiangli4 | Limin Wang1,3 Dahua Lin1,2 Bo Dai1 | Shanghai Artificial Intelligence Laboratory, 2 The Chinese University of Hong Kong,
05-压缩存储	sugar.pdf	14	26214706	SuGaR: Surface-Aligned Gaussian Splatting for | Efficient 3D Mesh Reconstruction and High-Quality Mesh Rendering | Antoine Guedon Vincent Lepetit | LIGM, Ecole des Ponts, Univ Gustave Eiffel, CNRS, France
06-动态与生成	3dgs-relightable-gaussian-splatting.pdf	17	8665617	Relightable 3D Gaussians: Realistic Point Cloud | Relighting with BRDF Decomposition and Ray | Jian Gao1∗ , Chun Gu2∗ , Youtian Lin1 , Zhihao Li3 , Hao Zhu1 , Xun Cao1 , | Li Zhang2B , and Yao Yao1B
06-动态与生成	4d-gaussian-splatting.pdf	15	4431798	4D Gaussian Splatting for Real-Time Dynamic Scene Rendering | Guanjun Wu1 *, Taoran Yi2 *, Jiemin Fang3†, Lingxi Xie3 , Xiaopeng Zhang3 , | Wei Wei1 , Wenyu Liu2 , Qi Tian3 , Xinggang Wang2†‡ | School of CS, Huazhong University of Science and Technology
06-动态与生成	dynamic-3d-gaussians.pdf	11	10178596	Dynamic 3D Gaussians: | Tracking by Persistent Dynamic View Synthesis | Jonathon Luiten1,2 Georgios Kopanas3 Bastian Leibe2 Deva Ramanan1 | Carnegie Mellon University, USA RWTH Aachen University, Germany Inria & Universite Cote d’Azur, France
06-动态与生成	gaussian-splatting-large-scale.pdf	29	29367941	arXiv:2403.14621v1 [cs.CV] 21 Mar 2024 | GRM: Large Gaussian Reconstruction Model for | Efficient 3D Reconstruction and Generation | Yinghao Xu1⋆ , Zifan Shi1,2⋆ , Wang Yifan1 , Hansheng Chen1
06-动态与生成	gaussianavatars.pdf	13	4101814	GaussianAvatars: Photorealistic Head Avatars with Rigged 3D Gaussians | Shenhan Qian1 Tobias Kirschstein1 Liam Schoneveld2 Davide Davoli3 | Simon Giebenhain1 Matthias Nießner1 | Technical University of Munich Woven by Toyota Toyota Motor Europe NV/SA
06-动态与生成	gaussianeditor.pdf	14	897946	GaussianEditor: Swift and Controllable 3D Editing with Gaussian Splatting | Yiwen Chen*1,2 Zilong Chen*3,5 Chi Zhang2 Feng Wang3 Xiaofeng Yang2 | Yikai Wang3 Zhongang Cai4 Lei Yang4 Huaping Liu3 Guosheng Lin**1,2 | S-Lab, Nanyang Technological University
06-动态与生成	text-to-3d-dreamgaussian.pdf	18	8013225	Published as a conference paper at ICLR 2024 | D REAM G AUSSIAN : G ENERATIVE G AUSSIAN S PLAT- | TING FOR E FFICIENT 3D C ONTENT C REATION | Jiaxiang Tang1∗, Jiawei Ren2 , Hang Zhou3 , Ziwei Liu2 , Gang Zeng1
06-动态与生成	text-to-3d-gaussiandreamer.pdf	15	1586328	GaussianDreamer: Fast Generation from Text to 3D Gaussians | by Bridging 2D and 3D Diffusion Models | Taoran Yi1 , Jiemin Fang2†, Junjie Wang2 , Guanjun Wu3 , Lingxi Xie2 , | Xiaopeng Zhang2 , Wenyu Liu1 , Qi Tian2 , Xinggang Wang1†‡
